{
  "0": {
    "precision": 0.8471910112359551,
    "recall": 0.8577929465301479,
    "f1-score": 0.8524590163934426,
    "support": 879.0
  },
  "1": {
    "precision": 0.8559907834101382,
    "recall": 0.8452787258248009,
    "f1-score": 0.8506010303377218,
    "support": 879.0
  },
  "accuracy": 0.8515358361774744,
  "macro avg": {
    "precision": 0.8515908973230466,
    "recall": 0.8515358361774744,
    "f1-score": 0.8515300233655823,
    "support": 1758.0
  },
  "weighted avg": {
    "precision": 0.8515908973230467,
    "recall": 0.8515358361774744,
    "f1-score": 0.8515300233655821,
    "support": 1758.0
  }
}