{
  "African": {
    "precision": 0.9931506849315068,
    "recall": 0.9731543624161074,
    "f1-score": 0.9830508474576272,
    "support": 298.0
  },
  "Asian": {
    "precision": 0.9375,
    "recall": 0.9375,
    "f1-score": 0.9375,
    "support": 32.0
  },
  "General": {
    "precision": 0.985239852398524,
    "recall": 0.996268656716418,
    "f1-score": 0.9907235621521335,
    "support": 268.0
  },
  "Hispanic": {
    "precision": 1.0,
    "recall": 0.7894736842105263,
    "f1-score": 0.8823529411764706,
    "support": 19.0
  },
  "Jewish": {
    "precision": 0.9494949494949495,
    "recall": 0.9494949494949495,
    "f1-score": 0.9494949494949495,
    "support": 99.0
  },
  "Muslim/Arab": {
    "precision": 0.9206349206349206,
    "recall": 0.9666666666666667,
    "f1-score": 0.943089430894309,
    "support": 60.0
  },
  "White": {
    "precision": 0.9532710280373832,
    "recall": 0.9902912621359223,
    "f1-score": 0.9714285714285714,
    "support": 103.0
  },
  "accuracy": 0.9738339021615472,
  "macro avg": {
    "precision": 0.9627559193567549,
    "recall": 0.9432642259486558,
    "f1-score": 0.9510914718005802,
    "support": 879.0
  },
  "weighted avg": {
    "precision": 0.9743210417273482,
    "recall": 0.9738339021615472,
    "f1-score": 0.9736863274087588,
    "support": 879.0
  }
}