{
  "African": {
    "precision": 0.8806451612903226,
    "recall": 0.9161073825503355,
    "f1-score": 0.8980263157894737,
    "support": 298.0
  },
  "Asian": {
    "precision": 0.75,
    "recall": 0.75,
    "f1-score": 0.75,
    "support": 32.0
  },
  "General": {
    "precision": 0.8116591928251121,
    "recall": 0.6753731343283582,
    "f1-score": 0.7372708757637475,
    "support": 268.0
  },
  "Hispanic": {
    "precision": 1.0,
    "recall": 0.8421052631578947,
    "f1-score": 0.9142857142857143,
    "support": 19.0
  },
  "Jewish": {
    "precision": 0.8715596330275229,
    "recall": 0.9595959595959596,
    "f1-score": 0.9134615384615384,
    "support": 99.0
  },
  "Muslim/Arab": {
    "precision": 0.7222222222222222,
    "recall": 0.43333333333333335,
    "f1-score": 0.5416666666666666,
    "support": 60.0
  },
  "White": {
    "precision": 0.6947368421052632,
    "recall": 0.6407766990291263,
    "f1-score": 0.6666666666666666,
    "support": 103.0
  },
  "NaN": {
    "precision": 0.8132337246531484,
    "recall": 0.8668941979522184,
    "f1-score": 0.8392070484581498,
    "support": 879.0
  },
  "accuracy": 0.8208191126279863,
  "macro avg": {
    "precision": 0.8180070970154489,
    "recall": 0.7605232462434033,
    "f1-score": 0.7825731032614947,
    "support": 1758.0
  },
  "weighted avg": {
    "precision": 0.8185238893354174,
    "recall": 0.8208191126279863,
    "f1-score": 0.8167430147613474,
    "support": 1758.0
  }
}